,Number of APUF,CRPs number,Test split Accuracy,Test split F1,Training time,Testing time
0,2.0,2500.0,98.4,98.37067209775967,0 days 00:00:03.709970,0 days 00:00:00.008999
1,3.0,1666.0,99.3,99.30624380574827,0 days 00:00:03.707030,0 days 00:00:00.007971
2,4.0,1250.0,98.7,98.65284974093265,0 days 00:00:03.747000,0 days 00:00:00.008000
3,5.0,1000.0,98.6,98.62475442043221,0 days 00:00:03.760000,0 days 00:00:00.008000
4,6.0,833.0,99.1,99.1321118611379,0 days 00:00:03.698000,0 days 00:00:00.008000
5,7.0,714.0,98.6,98.62204724409447,0 days 00:00:03.704002,0 days 00:00:00.007000
6,8.0,625.0,97.7,97.7560975609756,0 days 00:00:03.718001,0 days 00:00:00.006999
7,9.0,555.0,98.998998998999,99.0079365079365,0 days 00:00:03.671000,0 days 00:00:00.008000
8,10.0,500.0,97.7,97.67441860465115,0 days 00:00:03.689012,0 days 00:00:00.007988
