,Number of XOR-APUF,CRPs number,Test split Accuracy,Test split F1,Training time,Testing time
0,2.0,2500.0,93.0,93.21705426356588,0 days 00:00:10.801037,0 days 00:00:00.007991
1,3.0,1666.0,92.5,92.49249249249249,0 days 00:00:10.955052,0 days 00:00:00.007998
2,4.0,1250.0,91.60000000000001,91.46341463414633,0 days 00:00:11.242002,0 days 00:00:00.007999
3,5.0,1000.0,92.2,92.05702647657841,0 days 00:00:11.133000,0 days 00:00:00.007999
4,6.0,833.0,91.9,91.7093142272262,0 days 00:00:13.145031,0 days 00:00:00.008967
5,7.0,714.0,92.4,92.43027888446215,0 days 00:00:13.798512,0 days 00:00:00.009000
6,8.0,625.0,92.7,92.98751200768491,0 days 00:00:11.545002,0 days 00:00:00.007998
7,9.0,555.0,93.09309309309309,93.09309309309309,0 days 00:00:11.593002,0 days 00:00:00.009997
8,10.0,500.0,92.2,92.10526315789474,0 days 00:00:12.398000,0 days 00:00:00.011000
