,Number of APUF,Number of XOR-PUF,Number of FF-XOR-APUF,CRPs number,Test split Accuracy,Test split F1,Training time,Testing time
0,1.0,1.0,1.0,5000.0,96.66666666666667,96.5635738831615,0 days 00:00:55.777991,0 days 00:00:00.017999
1,2.0,2.0,2.0,2500.0,94.43333333333334,94.19534237052486,0 days 00:00:59.606632,0 days 00:00:00.021999
2,3.0,3.0,3.0,1666.0,95.16505501833944,95.21294156487289,0 days 00:01:04.701008,0 days 00:00:00.018000
3,4.0,4.0,4.0,1250.0,95.36666666666666,95.30563998649106,0 days 00:00:58.866003,0 days 00:00:00.020997
4,5.0,5.0,5.0,1000.0,94.26666666666667,94.22818791946308,0 days 00:00:58.520003,0 days 00:00:00.015998
5,6.0,6.0,6.0,833.0,95.16505501833944,95.01889385091033,0 days 00:00:58.537509,0 days 00:00:00.022002
6,10.0,10.0,10.0,500.0,94.06666666666666,94.07850964737192,0 days 00:00:57.720001,0 days 00:00:00.020000
7,20.0,20.0,20.0,250.0,94.1,94.19100754840825,0 days 00:00:59.374508,0 days 00:00:00.030002
