,Number of APUF,Number of XOR-PUF,Number of FF-XOR-APUF,CRPs number,Test split Accuracy,Test split F1,Training time,Testing time
0,1.0,1.0,1.0,5000.0,96.86666666666667,96.90585911784069,0 days 00:00:52.104908,0 days 00:00:00.014968
1,2.0,2.0,2.0,2500.0,94.5,94.4649446494465,0 days 00:00:51.916416,0 days 00:00:00.014999
2,3.0,3.0,3.0,1666.0,95.4651550516839,95.5671447196871,0 days 00:00:51.655201,0 days 00:00:00.015385
3,4.0,4.0,4.0,1250.0,94.69999999999999,94.72986410341399,0 days 00:00:51.685656,0 days 00:00:00.014980
4,5.0,5.0,5.0,1000.0,94.76666666666667,94.77189477189478,0 days 00:00:52.040315,0 days 00:00:00.015003
5,6.0,6.0,6.0,833.0,94.33144381460487,94.43717277486911,0 days 00:00:51.871461,0 days 00:00:00.016664
6,10.0,10.0,10.0,500.0,94.43333333333334,94.43889443889442,0 days 00:00:52.214697,0 days 00:00:00.015999
7,20.0,20.0,20.0,250.0,86.66666666666667,86.56816655473472,0 days 00:00:52.169955,0 days 00:00:00.015880
