,puf_seed,train_challenge_seed,test_challenge_seed,Test split Accuracy,Test split F1,Cross_val Accuracy,Cross_val sd,Cross_val split F1,Cross_val F1 sd,Training time,Testing time
0,11.0,123.0,19.0,98.0,98.0680061823802,97.99999999999999,0.4049691346263321,98.06658030398175,0.39797649542221053,0 days 00:00:10.919091,0 days 00:00:02.594792
1,67.0,21.0,44.0,98.14,98.12159159765703,98.14,0.44090815370097247,98.1235191912779,0.43696372148059465,0 days 00:00:07.795305,0 days 00:00:02.862922
2,82.0,34.0,1.0,95.16,95.2734375,95.15999999999998,0.7657675887630665,95.26925681312999,0.7699689963405718,0 days 00:00:08.523698,0 days 00:00:02.522043
