,CRPs number,Test split Accuracy,Test split F1,Cross_val Accuracy,Cross_val sd,Cross_val split F1,Cross_val F1 sd
0,500.0,57.199999999999996,60.8058608058608,49.60000000000001,7.631513611335565,47.06802798276432,9.212199605228228
1,1000.0,96.39999999999999,96.39278557114228,95.1,1.6852299546352705,95.09187732747594,1.7060678700047838
2,1500.0,97.39999999999999,97.42574257425744,97.39999999999999,0.9977753031397181,97.41717263362075,1.0133103062601208
3,2000.0,97.65,97.69720725134738,97.64999999999999,0.6442049363362556,97.69260322883311,0.6502322873375325
4,2500.0,98.56,98.57707509881423,98.56000000000002,0.4630334761116094,98.57483323800882,0.46522226115243953
5,3000.0,98.1,98.11195760185493,98.10000000000001,0.30912061651652106,98.11085333334137,0.3140752102251132
6,3500.0,98.17142857142858,98.20224719101124,98.17142857142859,0.4080816244881615,98.20192201495885,0.4023597022974613
7,4000.0,98.0,98.03825404610103,98.00000000000001,0.4401704215414753,98.03799765094978,0.43211952767819556
8,4500.0,98.17777777777778,98.23352003446789,98.17777777777778,0.19372884193513898,98.23362937023876,0.18694285003722705
