,CRPs number,Test split Accuracy,Test split F1,Training time,Testing time
0,500.0,50.0,57.627118644067785,0 days 00:00:01.574999,0 days 00:00:00.011002
1,1000.0,52.0,54.285714285714285,0 days 00:00:02.787000,0 days 00:00:00.012001
2,1500.0,51.66666666666667,61.12600536193031,0 days 00:00:02.317000,0 days 00:00:00.008999
3,2000.0,98.0,98.04878048780488,0 days 00:00:04.609001,0 days 00:00:00.009998
4,2500.0,98.4,98.45559845559846,0 days 00:00:03.495000,0 days 00:00:00.010001
5,3000.0,99.16666666666667,99.1394148020654,0 days 00:00:04.355001,0 days 00:00:00.009999
6,3500.0,98.42857142857143,98.41726618705036,0 days 00:00:04.604999,0 days 00:00:00.010001
7,4000.0,98.625,98.56209150326798,0 days 00:00:04.529002,0 days 00:00:00.010997
8,4500.0,98.44444444444444,98.41986455981943,0 days 00:00:05.032001,0 days 00:00:00.013999
