,CRPs number,Test split Accuracy,Test split F1,Training time,Testing time
0,500.0,46.0,50.0,0 days 00:00:00.639773,0 days 00:00:00.010000
1,1000.0,56.00000000000001,57.28155339805825,0 days 00:00:01.182039,0 days 00:00:00.009001
2,1500.0,96.66666666666667,96.73202614379085,0 days 00:00:01.378217,0 days 00:00:00.007999
3,2000.0,98.5,98.47715736040608,0 days 00:00:01.749687,0 days 00:00:00.008000
4,2500.0,98.6,98.6138613861386,0 days 00:00:02.124000,0 days 00:00:00.008000
5,3000.0,98.33333333333333,98.2638888888889,0 days 00:00:02.492000,0 days 00:00:00.008001
6,3500.0,98.71428571428571,98.73060648801129,0 days 00:00:02.851921,0 days 00:00:00.008000
7,4000.0,98.5,98.52941176470588,0 days 00:00:03.208000,0 days 00:00:00.008001
8,4500.0,98.88888888888889,98.93162393162395,0 days 00:00:03.611998,0 days 00:00:00.008001
